0;EMPLOYEE;Benjamin;Landry;benjamin.landry@our-company.com;IT;
1;EMPLOYEE;Leanna;Glenn;leanna.glenn@our-company.com;Logistic;
2;EMPLOYEE;Davian;Krueger;davian.krueger@our-company.com;IT;
3;EMPLOYEE;Isla;Combs;isla.combs@our-company.com;Marketing;
4;EMPLOYEE;Annika;Gross;annika.gross@our-company.com;Technical Support;
5;EMPLOYEE;Deon;Blankenship;deon.blankenship@our-company.com;Technical Support;
6;EMPLOYEE;Naima;Herring;naima.herring@our-company.com;Logistic;
7;EMPLOYEE;Lara;Baird;lara.baird@our-company.com;Management;
8;EMPLOYEE;Gina;Nguyen;gina.nguyen@our-company.com;IT;
9;EMPLOYEE;Kadyn;Pierce;kadyn.pierce@our-company.com;Warrehousing;
10;EMPLOYEE;Patience;Cole;patience.cole@our-company.com;Marketing;
11;EMPLOYEE;Johnathan;Hardin;johnathan.hardin@our-company.com;Warrehousing;
12;EMPLOYEE;Ethan;Donaldson;ethan.donaldson@our-company.com;Management;
13;EMPLOYEE;Diana;Stanton;diana.stanton@our-company.com;IT;
14;EMPLOYEE;Dylan;Harmon;dylan.harmon@our-company.com;Warrehousing;
15;EMPLOYEE;Ian;Kelley;ian.kelley@our-company.com;Technical Support;
16;EMPLOYEE;Leia;Day;leia.day@our-company.com;Warrehousing;
17;EMPLOYEE;Fabian;Dixon;fabian.dixon@our-company.com;Management;
18;EMPLOYEE;Marley;Barker;marley.barker@our-company.com;Management;
19;EMPLOYEE;Paige;Singh;paige.singh@our-company.com;Marketing;
20;EMPLOYEE;Jaime;Becker;jaime.becker@our-company.com;IT;
21;EMPLOYEE;Ernesto;Mendez;ernesto.mendez@our-company.com;Marketing;
22;EMPLOYEE;Josiah;Garcia;josiah.garcia@our-company.com;IT;
23;EMPLOYEE;Kaia;Velazquez;kaia.velazquez@our-company.com;IT;
24;EMPLOYEE;Jeramiah;Douglas;jeramiah.douglas@our-company.com;Logistic;
25;EMPLOYEE;Jude;Wallace;jude.wallace@our-company.com;Management;
26;EMPLOYEE;Jaylene;Merritt;jaylene.merritt@our-company.com;Management;
27;EMPLOYEE;Cael;Peck;cael.peck@our-company.com;Logistic;
28;EMPLOYEE;Uriel;Smith;uriel.smith@our-company.com;Technical Support;
29;EMPLOYEE;Anahi;Webster;anahi.webster@our-company.com;Logistic;
30;EMPLOYEE;Connor;Jenkins;connor.jenkins@our-company.com;Warrehousing;
31;EMPLOYEE;Sergio;Carroll;sergio.carroll@our-company.com;Warrehousing;
32;EMPLOYEE;Santino;Carey;santino.carey@our-company.com;Marketing;
33;EMPLOYEE;Nikolas;Hancock;nikolas.hancock@our-company.com;Logistic;
34;EMPLOYEE;Alani;Hunter;alani.hunter@our-company.com;Marketing;
35;EMPLOYEE;Gerald;Payne;gerald.payne@our-company.com;Logistic;
36;EMPLOYEE;Markus;Torres;markus.torres@our-company.com;Logistic;
37;EMPLOYEE;Adonis;Moss;adonis.moss@our-company.com;Management;
38;EMPLOYEE;Kendrick;Arias;kendrick.arias@our-company.com;Warrehousing;
39;EMPLOYEE;Abdullah;Gutierrez;abdullah.gutierrez@our-company.com;Marketing;
40;EMPLOYEE;Marc;Cox;marc.cox@our-company.com;Marketing;
41;EMPLOYEE;Raina;Vance;raina.vance@our-company.com;Technical Support;
42;EMPLOYEE;Deandre;Mccarty;deandre.mccarty@our-company.com;Marketing;
43;EMPLOYEE;Semaj;Gates;semaj.gates@our-company.com;IT;
44;EMPLOYEE;Alena;Preston;alena.preston@our-company.com;Technical Support;
45;EMPLOYEE;Juan;Horton;juan.horton@our-company.com;Logistic;
46;EMPLOYEE;Messiah;Riddle;messiah.riddle@our-company.com;Marketing;
47;EMPLOYEE;Luis;Wells;luis.wells@our-company.com;Management;
48;EMPLOYEE;Valentina;Stone;valentina.stone@our-company.com;Warrehousing;
49;EMPLOYEE;Amiyah;Schwartz;amiyah.schwartz@our-company.com;Technical Support;
50;EMPLOYEE;Ruth;Villa;ruth.villa@our-company.com;Technical Support;
51;EMPLOYEE;Nina;Lynn;nina.lynn@our-company.com;Management;
52;EMPLOYEE;Leah;Massey;leah.massey@our-company.com;Warrehousing;
53;EMPLOYEE;Lillian;Hubbard;lillian.hubbard@our-company.com;Technical Support;
54;EMPLOYEE;Elisabeth;Willis;elisabeth.willis@our-company.com;Technical Support;
55;EMPLOYEE;Mackenzie;Wong;mackenzie.wong@our-company.com;Management;
56;EMPLOYEE;Ella;Stokes;ella.stokes@our-company.com;Technical Support;
57;EMPLOYEE;Anaya;Brown;anaya.brown@our-company.com;Technical Support;
58;EMPLOYEE;Dax;Riley;dax.riley@our-company.com;Technical Support;
59;EMPLOYEE;Caitlin;Kane;caitlin.kane@our-company.com;Management;
60;EMPLOYEE;Pierce;Mcgrath;pierce.mcgrath@our-company.com;Logistic;
61;EMPLOYEE;Paityn;Reilly;paityn.reilly@our-company.com;Management;
62;EMPLOYEE;Keely;Baker;keely.baker@our-company.com;Management;
63;EMPLOYEE;Nathalia;Barton;nathalia.barton@our-company.com;Management;
64;EMPLOYEE;Kameron;Robbins;kameron.robbins@our-company.com;Logistic;
65;EMPLOYEE;Xzavier;Dean;xzavier.dean@our-company.com;Management;
66;EMPLOYEE;Ellen;Galvan;ellen.galvan@our-company.com;Management;
67;EMPLOYEE;Paul;Lindsey;paul.lindsey@our-company.com;Management;
68;EMPLOYEE;Kaleb;Ramirez;kaleb.ramirez@our-company.com;Logistic;
69;EMPLOYEE;Karley;Farley;karley.farley@our-company.com;Marketing;
70;EMPLOYEE;Natalya;Fuller;natalya.fuller@our-company.com;Marketing;
71;EMPLOYEE;Javier;Dougherty;javier.dougherty@our-company.com;Marketing;
72;EMPLOYEE;Danna;Forbes;danna.forbes@our-company.com;Marketing;
73;EMPLOYEE;Clayton;Wiggins;clayton.wiggins@our-company.com;IT;
74;EMPLOYEE;Jon;Weaver;jon.weaver@our-company.com;Technical Support;
75;EMPLOYEE;Jamison;Valencia;jamison.valencia@our-company.com;IT;
76;EMPLOYEE;Anabella;Hahn;anabella.hahn@our-company.com;Logistic;
77;EMPLOYEE;Micaela;Morse;micaela.morse@our-company.com;Technical Support;
78;EMPLOYEE;Carter;Holland;carter.holland@our-company.com;Marketing;
79;EMPLOYEE;Francesca;Lopez;francesca.lopez@our-company.com;Management;
80;EMPLOYEE;Sage;Rojas;sage.rojas@our-company.com;IT;
81;EMPLOYEE;Ibrahim;Pope;ibrahim.pope@our-company.com;Warrehousing;
82;EMPLOYEE;Aubrey;Li;aubrey.li@our-company.com;Technical Support;
83;EMPLOYEE;Rodolfo;Cannon;rodolfo.cannon@our-company.com;Warrehousing;
84;EMPLOYEE;Jaxson;Wheeler;jaxson.wheeler@our-company.com;Management;
85;EMPLOYEE;Diya;Austin;diya.austin@our-company.com;Warrehousing;
86;EMPLOYEE;Arnav;Wolfe;arnav.wolfe@our-company.com;Technical Support;
87;EMPLOYEE;Claudia;Deleon;claudia.deleon@our-company.com;Technical Support;
88;EMPLOYEE;Finnegan;Kent;finnegan.kent@our-company.com;Marketing;
89;EMPLOYEE;Marquise;Montgomery;marquise.montgomery@our-company.com;IT;
90;EMPLOYEE;Edward;Mays;edward.mays@our-company.com;Management;
91;EMPLOYEE;King;Harding;king.harding@our-company.com;IT;
92;EMPLOYEE;Antwan;Duran;antwan.duran@our-company.com;Management;
93;EMPLOYEE;Ryan;Houston;ryan.houston@our-company.com;Management;
94;EMPLOYEE;Kyra;Sexton;kyra.sexton@our-company.com;Technical Support;
95;EMPLOYEE;Jayla;Lawrence;jayla.lawrence@our-company.com;Logistic;
96;EMPLOYEE;Jaslyn;Sloan;jaslyn.sloan@our-company.com;IT;
97;EMPLOYEE;Jewel;Leonard;jewel.leonard@our-company.com;Management;
98;EMPLOYEE;Saniyah;Lozano;saniyah.lozano@our-company.com;Technical Support;
99;EMPLOYEE;Naomi;Randolph;naomi.randolph@our-company.com;IT;
100;EMPLOYEE;Miriam;Clay;miriam.clay@our-company.com;Logistic;
101;EMPLOYEE;Lucy;Bartlett;lucy.bartlett@our-company.com;Warrehousing;
102;EMPLOYEE;Grayson;Tapia;grayson.tapia@our-company.com;IT;
103;EMPLOYEE;Kaleigh;Campbell;kaleigh.campbell@our-company.com;Marketing;
104;EMPLOYEE;Gwendolyn;Luna;gwendolyn.luna@our-company.com;Marketing;
105;EMPLOYEE;Giselle;Bryan;giselle.bryan@our-company.com;Technical Support;
106;EMPLOYEE;Antonio;Barber;antonio.barber@our-company.com;Management;
107;EMPLOYEE;Nash;Newman;nash.newman@our-company.com;Marketing;
108;EMPLOYEE;Cameron;David;cameron.david@our-company.com;Logistic;
109;EMPLOYEE;Sarai;Christensen;sarai.christensen@our-company.com;Management;
110;EMPLOYEE;Ellie;Fletcher;ellie.fletcher@our-company.com;Marketing;
111;EMPLOYEE;Savanna;George;savanna.george@our-company.com;Management;
112;EMPLOYEE;Sydnee;Sweeney;sydnee.sweeney@our-company.com;Logistic;
113;EMPLOYEE;Jordon;Mccormick;jordon.mccormick@our-company.com;Management;
114;EMPLOYEE;Tyrone;Velasquez;tyrone.velasquez@our-company.com;Warrehousing;
115;EMPLOYEE;Cherish;Cohen;cherish.cohen@our-company.com;IT;
116;EMPLOYEE;Nathanial;Mills;nathanial.mills@our-company.com;Logistic;
117;EMPLOYEE;Kaylah;Copeland;kaylah.copeland@our-company.com;Logistic;
118;EMPLOYEE;Rolando;Rivas;rolando.rivas@our-company.com;IT;
119;EMPLOYEE;Yasmine;Frey;yasmine.frey@our-company.com;IT;
120;EMPLOYEE;Aiyana;Reyes;aiyana.reyes@our-company.com;IT;
121;EMPLOYEE;Justine;Brady;justine.brady@our-company.com;Warrehousing;
122;EMPLOYEE;Colby;Oliver;colby.oliver@our-company.com;Logistic;
123;EMPLOYEE;Madalynn;Sharp;madalynn.sharp@our-company.com;Warrehousing;
124;EMPLOYEE;Clay;Wang;clay.wang@our-company.com;Warrehousing;
125;EMPLOYEE;Laci;Gibson;laci.gibson@our-company.com;Management;
126;EMPLOYEE;Damion;Moon;damion.moon@our-company.com;IT;
127;EMPLOYEE;Salvatore;Olsen;salvatore.olsen@our-company.com;Marketing;
128;EMPLOYEE;Sloane;Hobbs;sloane.hobbs@our-company.com;Technical Support;
129;EMPLOYEE;Luz;Wilkinson;luz.wilkinson@our-company.com;Warrehousing;
130;EMPLOYEE;Gabriella;Carlson;gabriella.carlson@our-company.com;Technical Support;
131;EMPLOYEE;Jasmine;Zhang;jasmine.zhang@our-company.com;Marketing;
132;EMPLOYEE;Mark;Gallagher;mark.gallagher@our-company.com;Logistic;
133;EMPLOYEE;Aldo;Mcknight;aldo.mcknight@our-company.com;Logistic;
134;EMPLOYEE;Joey;Goodwin;joey.goodwin@our-company.com;Warrehousing;
135;EMPLOYEE;Madden;Waller;madden.waller@our-company.com;IT;
136;EMPLOYEE;Jack;Pratt;jack.pratt@our-company.com;Management;
137;EMPLOYEE;Maia;Holden;maia.holden@our-company.com;Logistic;
138;EMPLOYEE;Lea;Walsh;lea.walsh@our-company.com;Warrehousing;
139;EMPLOYEE;Aydan;Mcgee;aydan.mcgee@our-company.com;IT;
140;EMPLOYEE;Leilani;Carson;leilani.carson@our-company.com;Technical Support;
141;EMPLOYEE;Leroy;Crane;leroy.crane@our-company.com;Marketing;
142;EMPLOYEE;Grace;Esparza;grace.esparza@our-company.com;Warrehousing;
143;EMPLOYEE;William;Vincent;william.vincent@our-company.com;Marketing;
144;EMPLOYEE;Bethany;Mathews;bethany.mathews@our-company.com;IT;
145;EMPLOYEE;Pamela;Ortega;pamela.ortega@our-company.com;Marketing;
146;EMPLOYEE;Lisa;Montoya;lisa.montoya@our-company.com;Logistic;
147;EMPLOYEE;Janiya;Branch;janiya.branch@our-company.com;Management;
148;EMPLOYEE;Alvaro;Norman;alvaro.norman@our-company.com;IT;
149;EMPLOYEE;Sara;Gallegos;sara.gallegos@our-company.com;Management;
150;EMPLOYEE;Elisha;Cordova;elisha.cordova@our-company.com;Warrehousing;
151;EMPLOYEE;Celia;Friedman;celia.friedman@our-company.com;Warrehousing;
152;EMPLOYEE;Lydia;Lewis;lydia.lewis@our-company.com;Technical Support;
153;EMPLOYEE;Matias;Mccoy;matias.mccoy@our-company.com;Marketing;
154;EMPLOYEE;Kaylyn;Bright;kaylyn.bright@our-company.com;Management;
155;EMPLOYEE;Atticus;Perez;atticus.perez@our-company.com;Technical Support;
156;EMPLOYEE;Amya;Chung;amya.chung@our-company.com;Warrehousing;
157;EMPLOYEE;Jaylen;Beck;jaylen.beck@our-company.com;IT;
158;EMPLOYEE;Trevor;Simon;trevor.simon@our-company.com;Technical Support;
159;EMPLOYEE;Lexi;Spencer;lexi.spencer@our-company.com;Warrehousing;
160;EMPLOYEE;Cloe;James;cloe.james@our-company.com;Marketing;
161;EMPLOYEE;Abbey;Weber;abbey.weber@our-company.com;Logistic;
162;EMPLOYEE;Rigoberto;Avery;rigoberto.avery@our-company.com;Warrehousing;
163;EMPLOYEE;Carly;Farrell;carly.farrell@our-company.com;Management;
164;EMPLOYEE;Bailey;Golden;bailey.golden@our-company.com;Warrehousing;
165;EMPLOYEE;Paris;Buckley;paris.buckley@our-company.com;Warrehousing;
166;EMPLOYEE;Gaven;Duffy;gaven.duffy@our-company.com;Logistic;
167;EMPLOYEE;Talia;Ritter;talia.ritter@our-company.com;Warrehousing;
168;EMPLOYEE;Braedon;Webb;braedon.webb@our-company.com;Warrehousing;
169;EMPLOYEE;Regan;Doyle;regan.doyle@our-company.com;IT;
170;EMPLOYEE;Gianni;Horne;gianni.horne@our-company.com;Logistic;
171;EMPLOYEE;Kiley;Weiss;kiley.weiss@our-company.com;Marketing;
172;EMPLOYEE;Broderick;Glass;broderick.glass@our-company.com;Marketing;
173;EMPLOYEE;Gracie;Rich;gracie.rich@our-company.com;IT;
174;EMPLOYEE;Rishi;Kerr;rishi.kerr@our-company.com;Warrehousing;
175;EMPLOYEE;Margaret;Marquez;margaret.marquez@our-company.com;IT;
176;EMPLOYEE;Zaria;Giles;zaria.giles@our-company.com;Warrehousing;
177;EMPLOYEE;Jocelyn;Brewer;jocelyn.brewer@our-company.com;Management;
178;EMPLOYEE;Riya;Zimmerman;riya.zimmerman@our-company.com;Marketing;
179;EMPLOYEE;Tori;Haynes;tori.haynes@our-company.com;Logistic;
180;EMPLOYEE;Fisher;Richards;fisher.richards@our-company.com;Management;
181;EMPLOYEE;Erin;Gilmore;erin.gilmore@our-company.com;Management;
182;EMPLOYEE;Marshall;Martin;marshall.martin@our-company.com;Marketing;
183;EMPLOYEE;Mila;Arnold;mila.arnold@our-company.com;Technical Support;
184;EMPLOYEE;Holden;Holmes;holden.holmes@our-company.com;Logistic;
185;EMPLOYEE;Hayden;Steele;hayden.steele@our-company.com;Management;
186;EMPLOYEE;Shirley;Francis;shirley.francis@our-company.com;IT;
187;EMPLOYEE;London;Mejia;london.mejia@our-company.com;Technical Support;
188;EMPLOYEE;Ryan;Henderson;ryan.henderson@our-company.com;Management;
189;EMPLOYEE;Tomas;Graham;tomas.graham@our-company.com;Management;
190;EMPLOYEE;Spencer;Turner;spencer.turner@our-company.com;IT;
191;EMPLOYEE;Rylee;Ferguson;rylee.ferguson@our-company.com;Management;
192;EMPLOYEE;Reuben;Huber;reuben.huber@our-company.com;Marketing;
193;EMPLOYEE;Nia;Christian;nia.christian@our-company.com;IT;
194;EMPLOYEE;Eugene;Morgan;eugene.morgan@our-company.com;Technical Support;
195;EMPLOYEE;Shayna;Wu;shayna.wu@our-company.com;IT;
196;EMPLOYEE;Ahmad;Levine;ahmad.levine@our-company.com;Marketing;
197;EMPLOYEE;Aubree;Hoffman;aubree.hoffman@our-company.com;Warrehousing;
198;EMPLOYEE;Enzo;Vasquez;enzo.vasquez@our-company.com;Warrehousing;
199;EMPLOYEE;Khalil;Brennan;khalil.brennan@our-company.com;IT;
200;EMPLOYEE;Fernanda;Duncan;fernanda.duncan@our-company.com;Management;
201;EMPLOYEE;Alaina;Cardenas;alaina.cardenas@our-company.com;Technical Support;
202;EMPLOYEE;Cierra;Knapp;cierra.knapp@our-company.com;Marketing;
203;EMPLOYEE;Humberto;Mcdaniel;humberto.mcdaniel@our-company.com;IT;
204;EMPLOYEE;Keith;Fitzgerald;keith.fitzgerald@our-company.com;IT;
205;EMPLOYEE;Mattie;Mercado;mattie.mercado@our-company.com;Technical Support;
206;EMPLOYEE;Augustus;Jensen;augustus.jensen@our-company.com;Warrehousing;
207;EMPLOYEE;Jaylan;Lara;jaylan.lara@our-company.com;Marketing;
208;EMPLOYEE;Ava;Horn;ava.horn@our-company.com;Management;
209;EMPLOYEE;Samson;Mathis;samson.mathis@our-company.com;Warrehousing;
210;EMPLOYEE;Kylee;Johns;kylee.johns@our-company.com;Warrehousing;
211;EMPLOYEE;Karter;Koch;karter.koch@our-company.com;Warrehousing;
212;EMPLOYEE;Reagan;Joyce;reagan.joyce@our-company.com;Logistic;
213;EMPLOYEE;Gunnar;Bell;gunnar.bell@our-company.com;IT;
214;EMPLOYEE;Micheal;Crawford;micheal.crawford@our-company.com;Marketing;
215;EMPLOYEE;Haven;Arellano;haven.arellano@our-company.com;Marketing;
216;EMPLOYEE;Kaelyn;Wilcox;kaelyn.wilcox@our-company.com;Warrehousing;
217;EMPLOYEE;Charity;Pollard;charity.pollard@our-company.com;Management;
218;EMPLOYEE;Brynn;Henson;brynn.henson@our-company.com;Marketing;
219;EMPLOYEE;Britney;Mooney;britney.mooney@our-company.com;Technical Support;
220;EMPLOYEE;Jorge;Hammond;jorge.hammond@our-company.com;IT;
221;EMPLOYEE;Dalia;Strickland;dalia.strickland@our-company.com;Management;
222;EMPLOYEE;Troy;Greene;troy.greene@our-company.com;Management;
223;EMPLOYEE;Alyssa;Ellis;alyssa.ellis@our-company.com;Technical Support;
224;EMPLOYEE;Meghan;Bates;meghan.bates@our-company.com;IT;
225;EMPLOYEE;Ronin;Carrillo;ronin.carrillo@our-company.com;Management;
226;EMPLOYEE;Mohammad;Evans;mohammad.evans@our-company.com;Logistic;
227;EMPLOYEE;Ray;Bruce;ray.bruce@our-company.com;Warrehousing;
228;EMPLOYEE;Ariel;Jordan;ariel.jordan@our-company.com;Logistic;
229;EMPLOYEE;Beatrice;Lucas;beatrice.lucas@our-company.com;Logistic;
230;EMPLOYEE;Tyson;Macias;tyson.macias@our-company.com;Marketing;
231;EMPLOYEE;Asia;Burgess;asia.burgess@our-company.com;Technical Support;
232;EMPLOYEE;Juliet;Kennedy;juliet.kennedy@our-company.com;Warrehousing;
233;EMPLOYEE;Darrell;Mercer;darrell.mercer@our-company.com;Logistic;
234;EMPLOYEE;Dayana;Riggs;dayana.riggs@our-company.com;Management;
235;EMPLOYEE;Chandler;House;chandler.house@our-company.com;Management;
236;EMPLOYEE;Scarlet;Lowery;scarlet.lowery@our-company.com;Warrehousing;
237;EMPLOYEE;Kailey;Sutton;kailey.sutton@our-company.com;Logistic;
238;EMPLOYEE;Stephany;Harper;stephany.harper@our-company.com;Warrehousing;
239;EMPLOYEE;Addisyn;Roy;addisyn.roy@our-company.com;Management;
240;EMPLOYEE;Amelia;Clark;amelia.clark@our-company.com;Logistic;
241;EMPLOYEE;Helena;Pacheco;helena.pacheco@our-company.com;Logistic;
242;EMPLOYEE;Rachel;Rodgers;rachel.rodgers@our-company.com;Logistic;
243;EMPLOYEE;Robert;Bailey;robert.bailey@our-company.com;Management;
244;EMPLOYEE;Sofia;Villarreal;sofia.villarreal@our-company.com;Technical Support;
245;EMPLOYEE;Mariah;Velez;mariah.velez@our-company.com;Warrehousing;
246;EMPLOYEE;Andrew;Nunez;andrew.nunez@our-company.com;IT;
247;EMPLOYEE;Amare;Larsen;amare.larsen@our-company.com;Marketing;
248;EMPLOYEE;Ximena;Ochoa;ximena.ochoa@our-company.com;IT;
249;EMPLOYEE;Jordan;Cherry;jordan.cherry@our-company.com;Warrehousing;
250;CUSTOMER;Aron;Roman;aron.roman@flyerbuzzer.com;FlyerBuzzer;
251;CUSTOMER;Deacon;Walter;deacon.walter@sportastic.com;Sportastic;
252;CUSTOMER;Roger;Hester;roger.hester@plantsgetgreener.com;PlantsGetGreener;
253;CUSTOMER;Aria;Silva;aria.silva@flyerbuzzer.com;FlyerBuzzer;
254;CUSTOMER;Ashtyn;Delacruz;ashtyn.delacruz@carhouse.com;CarHouse;
255;CUSTOMER;Dwayne;Bush;dwayne.bush@plantsgetgreener.com;PlantsGetGreener;
256;CUSTOMER;Shea;Bridges;shea.bridges@plantsgetgreener.com;PlantsGetGreener;
257;CUSTOMER;Penelope;Gordon;penelope.gordon@shop42.com;Shop42;
258;CUSTOMER;Taniya;Benjamin;taniya.benjamin@shop42.com;Shop42;
259;CUSTOMER;Katelynn;Mayer;katelynn.mayer@plantsgetgreener.com;PlantsGetGreener;
260;CUSTOMER;Evelin;Madden;evelin.madden@plantsgetgreener.com;PlantsGetGreener;
261;CUSTOMER;Jasiah;Pruitt;jasiah.pruitt@plantsgetgreener.com;PlantsGetGreener;
262;CUSTOMER;Annie;Hays;annie.hays@sportastic.com;Sportastic;
263;CUSTOMER;Ulises;Sawyer;ulises.sawyer@plantsgetgreener.com;PlantsGetGreener;
264;CUSTOMER;Raphael;Rowland;raphael.rowland@carhouse.com;CarHouse;
265;CUSTOMER;Dante;Ward;dante.ward@sportastic.com;Sportastic;
266;CUSTOMER;Michelle;Parrish;michelle.parrish@carhouse.com;CarHouse;
267;CUSTOMER;Lily;Downs;lily.downs@shop42.com;Shop42;
268;CUSTOMER;Dario;Whitehead;dario.whitehead@shop42.com;Shop42;
269;CUSTOMER;Deshawn;Pineda;deshawn.pineda@plantsgetgreener.com;PlantsGetGreener;
270;CUSTOMER;Linda;Pena;linda.pena@sportastic.com;Sportastic;
271;CUSTOMER;Kasen;Walters;kasen.walters@plantsgetgreener.com;PlantsGetGreener;
272;CUSTOMER;Axel;Estrada;axel.estrada@plantsgetgreener.com;PlantsGetGreener;
273;CUSTOMER;Brent;Warren;brent.warren@plantsgetgreener.com;PlantsGetGreener;
274;CUSTOMER;Belen;Carpenter;belen.carpenter@shop42.com;Shop42;
275;CUSTOMER;Noe;Sandoval;noe.sandoval@carhouse.com;CarHouse;
276;CUSTOMER;Lizeth;Mendoza;lizeth.mendoza@flyerbuzzer.com;FlyerBuzzer;
277;CUSTOMER;Julissa;Stout;julissa.stout@flyerbuzzer.com;FlyerBuzzer;
278;CUSTOMER;Camren;Yates;camren.yates@plantsgetgreener.com;PlantsGetGreener;
279;CUSTOMER;Gilbert;Hayden;gilbert.hayden@plantsgetgreener.com;PlantsGetGreener;
280;CUSTOMER;Shamar;Stevenson;shamar.stevenson@carhouse.com;CarHouse;
281;CUSTOMER;Davion;Atkins;davion.atkins@plantsgetgreener.com;PlantsGetGreener;
282;CUSTOMER;Dahlia;Harrell;dahlia.harrell@sportastic.com;Sportastic;
283;CUSTOMER;Kylie;Hensley;kylie.hensley@shop42.com;Shop42;
284;CUSTOMER;Stephen;Richmond;stephen.richmond@shop42.com;Shop42;
285;CUSTOMER;Trenton;Tanner;trenton.tanner@sportastic.com;Sportastic;
286;CUSTOMER;Jairo;Dominguez;jairo.dominguez@carhouse.com;CarHouse;
287;CUSTOMER;Gaige;Oneill;gaige.oneill@plantsgetgreener.com;PlantsGetGreener;
288;CUSTOMER;Layne;Dalton;layne.dalton@flyerbuzzer.com;FlyerBuzzer;
289;CUSTOMER;Amari;Williamson;amari.williamson@plantsgetgreener.com;PlantsGetGreener;
290;CUSTOMER;Kendall;Leon;kendall.leon@flyerbuzzer.com;FlyerBuzzer;
291;CUSTOMER;Karissa;Orozco;karissa.orozco@plantsgetgreener.com;PlantsGetGreener;
292;CUSTOMER;Jovany;Ballard;jovany.ballard@carhouse.com;CarHouse;
293;CUSTOMER;Elisa;Huffman;elisa.huffman@flyerbuzzer.com;FlyerBuzzer;
294;CUSTOMER;Nick;Mccarthy;nick.mccarthy@carhouse.com;CarHouse;
295;CUSTOMER;Jayda;Lucero;jayda.lucero@shop42.com;Shop42;
296;CUSTOMER;Leandro;Schultz;leandro.schultz@sportastic.com;Sportastic;
297;CUSTOMER;Gemma;Callahan;gemma.callahan@sportastic.com;Sportastic;
298;CUSTOMER;Slade;Sims;slade.sims@carhouse.com;CarHouse;
299;CUSTOMER;Teresa;Nolan;teresa.nolan@flyerbuzzer.com;FlyerBuzzer;
300;CUSTOMER;Layla;Johnston;layla.johnston@carhouse.com;CarHouse;
301;CUSTOMER;Jaylyn;Sellers;jaylyn.sellers@carhouse.com;CarHouse;
302;CUSTOMER;Wilson;Jones;wilson.jones@shop42.com;Shop42;
303;CUSTOMER;Cara;Cuevas;cara.cuevas@shop42.com;Shop42;
304;CUSTOMER;Brett;Winters;brett.winters@carhouse.com;CarHouse;
305;CUSTOMER;Darryl;Livingston;darryl.livingston@flyerbuzzer.com;FlyerBuzzer;
306;CUSTOMER;Alicia;Romero;alicia.romero@shop42.com;Shop42;
307;CUSTOMER;Alessandro;Kirby;alessandro.kirby@sportastic.com;Sportastic;
308;CUSTOMER;Carson;Hickman;carson.hickman@flyerbuzzer.com;FlyerBuzzer;
309;CUSTOMER;Iyana;Acosta;iyana.acosta@sportastic.com;Sportastic;
310;CUSTOMER;Thomas;Butler;thomas.butler@flyerbuzzer.com;FlyerBuzzer;
311;CUSTOMER;Harper;French;harper.french@carhouse.com;CarHouse;
312;CUSTOMER;Keyla;Maynard;keyla.maynard@carhouse.com;CarHouse;
313;CUSTOMER;Easton;Crosby;easton.crosby@carhouse.com;CarHouse;
314;CUSTOMER;Madeleine;Norton;madeleine.norton@carhouse.com;CarHouse;
315;CUSTOMER;Trystan;Larson;trystan.larson@flyerbuzzer.com;FlyerBuzzer;
316;CUSTOMER;Jillian;Palmer;jillian.palmer@carhouse.com;CarHouse;
317;CUSTOMER;Amanda;Stanley;amanda.stanley@plantsgetgreener.com;PlantsGetGreener;
318;CUSTOMER;Lincoln;Baldwin;lincoln.baldwin@shop42.com;Shop42;
319;CUSTOMER;Melissa;Ellison;melissa.ellison@shop42.com;Shop42;
320;CUSTOMER;Aimee;Aguilar;aimee.aguilar@plantsgetgreener.com;PlantsGetGreener;
321;CUSTOMER;Gilberto;Adkins;gilberto.adkins@shop42.com;Shop42;
322;CUSTOMER;Alexander;Gay;alexander.gay@flyerbuzzer.com;FlyerBuzzer;
323;CUSTOMER;Demetrius;Martinez;demetrius.martinez@shop42.com;Shop42;
324;CUSTOMER;Rogelio;Ingram;rogelio.ingram@sportastic.com;Sportastic;
325;CUSTOMER;Deangelo;Galloway;deangelo.galloway@sportastic.com;Sportastic;
326;CUSTOMER;Zander;King;zander.king@shop42.com;Shop42;
327;CUSTOMER;Ethen;Barnes;ethen.barnes@flyerbuzzer.com;FlyerBuzzer;
328;CUSTOMER;Donna;Sanders;donna.sanders@sportastic.com;Sportastic;
329;CUSTOMER;Valentin;Zavala;valentin.zavala@shop42.com;Shop42;
330;CUSTOMER;Liana;Charles;liana.charles@shop42.com;Shop42;
331;CUSTOMER;Moshe;Bowen;moshe.bowen@flyerbuzzer.com;FlyerBuzzer;
332;CUSTOMER;Ciara;Nielsen;ciara.nielsen@shop42.com;Shop42;
333;CUSTOMER;Kianna;Foley;kianna.foley@plantsgetgreener.com;PlantsGetGreener;
334;CUSTOMER;Helen;Murphy;helen.murphy@carhouse.com;CarHouse;
335;CUSTOMER;Willie;Oneal;willie.oneal@shop42.com;Shop42;
336;CUSTOMER;Christina;Booker;christina.booker@carhouse.com;CarHouse;
337;CUSTOMER;Micah;Fritz;micah.fritz@sportastic.com;Sportastic;
338;CUSTOMER;Giovani;Russo;giovani.russo@plantsgetgreener.com;PlantsGetGreener;
339;CUSTOMER;Emerson;Coffey;emerson.coffey@plantsgetgreener.com;PlantsGetGreener;
340;CUSTOMER;Shaun;Espinoza;shaun.espinoza@shop42.com;Shop42;
341;CUSTOMER;Colin;Clements;colin.clements@sportastic.com;Sportastic;
342;CUSTOMER;Rebekah;Vargas;rebekah.vargas@sportastic.com;Sportastic;
343;CUSTOMER;Ingrid;Pace;ingrid.pace@plantsgetgreener.com;PlantsGetGreener;
344;CUSTOMER;Carlie;Blackburn;carlie.blackburn@carhouse.com;CarHouse;
345;CUSTOMER;Stella;Chandler;stella.chandler@carhouse.com;CarHouse;
346;CUSTOMER;Cecelia;Nixon;cecelia.nixon@plantsgetgreener.com;PlantsGetGreener;
347;CUSTOMER;Rey;Decker;rey.decker@sportastic.com;Sportastic;
348;CUSTOMER;Emilia;Trevino;emilia.trevino@carhouse.com;CarHouse;
349;CUSTOMER;Paisley;Moyer;paisley.moyer@shop42.com;Shop42;
350;CUSTOMER;Joselyn;Schneider;joselyn.schneider@sportastic.com;Sportastic;
351;CUSTOMER;Anthony;Barnett;anthony.barnett@sportastic.com;Sportastic;
352;CUSTOMER;Aditya;Huff;aditya.huff@plantsgetgreener.com;PlantsGetGreener;
353;CUSTOMER;Jordyn;Le;jordyn.le@plantsgetgreener.com;PlantsGetGreener;
354;CUSTOMER;Aaron;Hopkins;aaron.hopkins@sportastic.com;Sportastic;
355;CUSTOMER;Catalina;Knox;catalina.knox@sportastic.com;Sportastic;
356;CUSTOMER;Jadyn;Bernard;jadyn.bernard@sportastic.com;Sportastic;
357;CUSTOMER;Kimora;Pearson;kimora.pearson@shop42.com;Shop42;
358;CUSTOMER;Nancy;Hutchinson;nancy.hutchinson@flyerbuzzer.com;FlyerBuzzer;
359;CUSTOMER;Delilah;Hale;delilah.hale@carhouse.com;CarHouse;
360;CUSTOMER;Alisson;Chaney;alisson.chaney@flyerbuzzer.com;FlyerBuzzer;
361;CUSTOMER;Quinn;Tyler;quinn.tyler@carhouse.com;CarHouse;
362;CUSTOMER;Jeremy;Grant;jeremy.grant@plantsgetgreener.com;PlantsGetGreener;
363;CUSTOMER;Joy;Rollins;joy.rollins@carhouse.com;CarHouse;
364;CUSTOMER;Brogan;Obrien;brogan.obrien@shop42.com;Shop42;
365;CUSTOMER;Emmalee;Rangel;emmalee.rangel@plantsgetgreener.com;PlantsGetGreener;
366;CUSTOMER;Drake;Santana;drake.santana@carhouse.com;CarHouse;
367;CUSTOMER;Angelica;Church;angelica.church@carhouse.com;CarHouse;
368;CUSTOMER;Stephanie;Mckay;stephanie.mckay@carhouse.com;CarHouse;
369;CUSTOMER;Hailey;Calhoun;hailey.calhoun@sportastic.com;Sportastic;
370;CUSTOMER;Chris;Boyd;chris.boyd@sportastic.com;Sportastic;
371;CUSTOMER;America;Fitzpatrick;america.fitzpatrick@shop42.com;Shop42;
372;CUSTOMER;Madalyn;Gonzalez;madalyn.gonzalez@carhouse.com;CarHouse;
373;CUSTOMER;Sylvia;Beltran;sylvia.beltran@plantsgetgreener.com;PlantsGetGreener;
374;CUSTOMER;Jaden;Pittman;jaden.pittman@shop42.com;Shop42;
375;CUSTOMER;Arielle;Andrade;arielle.andrade@sportastic.com;Sportastic;
376;CUSTOMER;Kamila;Beasley;kamila.beasley@flyerbuzzer.com;FlyerBuzzer;
377;CUSTOMER;Lennon;Fernandez;lennon.fernandez@flyerbuzzer.com;FlyerBuzzer;
378;CUSTOMER;June;Mullen;june.mullen@sportastic.com;Sportastic;
379;CUSTOMER;Aileen;Thornton;aileen.thornton@shop42.com;Shop42;
380;CUSTOMER;Alonso;Walls;alonso.walls@carhouse.com;CarHouse;
381;CUSTOMER;Araceli;Lester;araceli.lester@sportastic.com;Sportastic;
382;CUSTOMER;Tristin;Archer;tristin.archer@shop42.com;Shop42;
383;CUSTOMER;Aedan;Rose;aedan.rose@carhouse.com;CarHouse;
384;CUSTOMER;Kamron;Anderson;kamron.anderson@flyerbuzzer.com;FlyerBuzzer;
385;CUSTOMER;Alia;Howell;alia.howell@flyerbuzzer.com;FlyerBuzzer;
386;CUSTOMER;Andy;Stewart;andy.stewart@sportastic.com;Sportastic;
387;CUSTOMER;Karma;Shepard;karma.shepard@carhouse.com;CarHouse;
388;CUSTOMER;Reed;Mcdowell;reed.mcdowell@plantsgetgreener.com;PlantsGetGreener;
389;CUSTOMER;Marvin;Franco;marvin.franco@carhouse.com;CarHouse;
390;CUSTOMER;Zoey;Hansen;zoey.hansen@flyerbuzzer.com;FlyerBuzzer;
391;CUSTOMER;Hugo;Hicks;hugo.hicks@shop42.com;Shop42;
392;CUSTOMER;Tiana;Berger;tiana.berger@sportastic.com;Sportastic;
393;CUSTOMER;Makenzie;Cruz;makenzie.cruz@shop42.com;Shop42;
394;CUSTOMER;Santos;Guzman;santos.guzman@shop42.com;Shop42;
395;CUSTOMER;Anabel;Frazier;anabel.frazier@carhouse.com;CarHouse;
396;CUSTOMER;Oswaldo;Campos;oswaldo.campos@sportastic.com;Sportastic;
397;CUSTOMER;Harley;Woods;harley.woods@flyerbuzzer.com;FlyerBuzzer;
398;CUSTOMER;Konner;Greer;konner.greer@flyerbuzzer.com;FlyerBuzzer;
399;CUSTOMER;Yair;Flowers;yair.flowers@plantsgetgreener.com;PlantsGetGreener;
400;CUSTOMER;Mira;Washington;mira.washington@carhouse.com;CarHouse;
401;CUSTOMER;Deegan;Simpson;deegan.simpson@flyerbuzzer.com;FlyerBuzzer;
402;CUSTOMER;Kamari;Huang;kamari.huang@flyerbuzzer.com;FlyerBuzzer;
403;CUSTOMER;Shawn;Bird;shawn.bird@shop42.com;Shop42;
404;CUSTOMER;Israel;Meyers;israel.meyers@sportastic.com;Sportastic;
405;CUSTOMER;Dexter;Wise;dexter.wise@flyerbuzzer.com;FlyerBuzzer;
406;CUSTOMER;Jaylynn;Oconnor;jaylynn.oconnor@flyerbuzzer.com;FlyerBuzzer;
407;CUSTOMER;Jaxon;Yoder;jaxon.yoder@plantsgetgreener.com;PlantsGetGreener;
408;CUSTOMER;Lexie;Ramos;lexie.ramos@flyerbuzzer.com;FlyerBuzzer;
409;CUSTOMER;Erick;Williams;erick.williams@plantsgetgreener.com;PlantsGetGreener;
410;CUSTOMER;Casey;English;casey.english@shop42.com;Shop42;
411;CUSTOMER;Skyla;Powell;skyla.powell@plantsgetgreener.com;PlantsGetGreener;
412;CUSTOMER;Gabrielle;Dodson;gabrielle.dodson@sportastic.com;Sportastic;
413;CUSTOMER;Evie;Liu;evie.liu@flyerbuzzer.com;FlyerBuzzer;
414;CUSTOMER;Beau;Chang;beau.chang@plantsgetgreener.com;PlantsGetGreener;
415;CUSTOMER;Diego;Barr;diego.barr@sportastic.com;Sportastic;
416;CUSTOMER;Ashleigh;Wagner;ashleigh.wagner@flyerbuzzer.com;FlyerBuzzer;
417;CUSTOMER;Hannah;Boone;hannah.boone@flyerbuzzer.com;FlyerBuzzer;
418;CUSTOMER;Marianna;Jacobson;marianna.jacobson@flyerbuzzer.com;FlyerBuzzer;
419;CUSTOMER;Giana;Pugh;giana.pugh@sportastic.com;Sportastic;
420;CUSTOMER;Emelia;Welch;emelia.welch@sportastic.com;Sportastic;
421;CUSTOMER;Bennett;Powers;bennett.powers@carhouse.com;CarHouse;
422;CUSTOMER;Kierra;Lee;kierra.lee@flyerbuzzer.com;FlyerBuzzer;
423;CUSTOMER;Abbigail;Delgado;abbigail.delgado@carhouse.com;CarHouse;
424;CUSTOMER;Clark;Cantrell;clark.cantrell@shop42.com;Shop42;
425;CUSTOMER;Carolyn;Rosario;carolyn.rosario@flyerbuzzer.com;FlyerBuzzer;
426;CUSTOMER;Charles;Garza;charles.garza@plantsgetgreener.com;PlantsGetGreener;
427;CUSTOMER;Ricky;Stuart;ricky.stuart@carhouse.com;CarHouse;
428;CUSTOMER;Trey;Mclean;trey.mclean@plantsgetgreener.com;PlantsGetGreener;
429;CUSTOMER;Triston;Cochran;triston.cochran@shop42.com;Shop42;
430;CUSTOMER;Arabella;Proctor;arabella.proctor@carhouse.com;CarHouse;
431;CUSTOMER;Karson;Melendez;karson.melendez@plantsgetgreener.com;PlantsGetGreener;
432;CUSTOMER;Adelyn;Rubio;adelyn.rubio@plantsgetgreener.com;PlantsGetGreener;
433;CUSTOMER;Urijah;Rogers;urijah.rogers@carhouse.com;CarHouse;
434;CUSTOMER;Sean;Manning;sean.manning@carhouse.com;CarHouse;
435;CUSTOMER;Danny;Sullivan;danny.sullivan@plantsgetgreener.com;PlantsGetGreener;
436;CUSTOMER;Sullivan;Owen;sullivan.owen@sportastic.com;Sportastic;
437;CUSTOMER;Maximilian;Monroe;maximilian.monroe@carhouse.com;CarHouse;
438;CUSTOMER;Delaney;Cooper;delaney.cooper@plantsgetgreener.com;PlantsGetGreener;
439;CUSTOMER;Elena;Boyer;elena.boyer@plantsgetgreener.com;PlantsGetGreener;
440;CUSTOMER;Maddox;Davis;maddox.davis@sportastic.com;Sportastic;
441;CUSTOMER;Bobby;Reed;bobby.reed@flyerbuzzer.com;FlyerBuzzer;
442;CUSTOMER;Matilda;Kramer;matilda.kramer@shop42.com;Shop42;
443;CUSTOMER;Landen;Aguirre;landen.aguirre@flyerbuzzer.com;FlyerBuzzer;
444;CUSTOMER;Sanai;Elliott;sanai.elliott@sportastic.com;Sportastic;
445;CUSTOMER;Braiden;Bauer;braiden.bauer@plantsgetgreener.com;PlantsGetGreener;
446;CUSTOMER;Vivian;Sampson;vivian.sampson@carhouse.com;CarHouse;
447;CUSTOMER;Sienna;Dunn;sienna.dunn@shop42.com;Shop42;
448;CUSTOMER;Justus;Kaiser;justus.kaiser@shop42.com;Shop42;
449;CUSTOMER;Jovanni;Mayo;jovanni.mayo@shop42.com;Shop42;
450;CUSTOMER;Maggie;Price;maggie.price@carhouse.com;CarHouse;
451;CUSTOMER;Trevon;Terry;trevon.terry@plantsgetgreener.com;PlantsGetGreener;
452;CUSTOMER;Brennen;Hurst;brennen.hurst@plantsgetgreener.com;PlantsGetGreener;
453;CUSTOMER;Yoselin;Chambers;yoselin.chambers@sportastic.com;Sportastic;
454;CUSTOMER;Jayleen;Brock;jayleen.brock@shop42.com;Shop42;
455;CUSTOMER;Kyan;Holloway;kyan.holloway@plantsgetgreener.com;PlantsGetGreener;
456;CUSTOMER;Jakobe;Salas;jakobe.salas@sportastic.com;Sportastic;
457;CUSTOMER;Maurice;Chase;maurice.chase@plantsgetgreener.com;PlantsGetGreener;
458;CUSTOMER;Zain;Patrick;zain.patrick@shop42.com;Shop42;
459;CUSTOMER;Darren;Santiago;darren.santiago@carhouse.com;CarHouse;
460;CUSTOMER;Kai;Carney;kai.carney@carhouse.com;CarHouse;
461;CUSTOMER;Makhi;Schmitt;makhi.schmitt@shop42.com;Shop42;
462;CUSTOMER;Bria;Ayala;bria.ayala@carhouse.com;CarHouse;
463;CUSTOMER;Veronica;Wolf;veronica.wolf@flyerbuzzer.com;FlyerBuzzer;
464;CUSTOMER;Asher;Camacho;asher.camacho@plantsgetgreener.com;PlantsGetGreener;
465;CUSTOMER;Madeline;Molina;madeline.molina@shop42.com;Shop42;
466;CUSTOMER;Nyla;Hull;nyla.hull@sportastic.com;Sportastic;
467;CUSTOMER;Jonathon;Escobar;jonathon.escobar@carhouse.com;CarHouse;
468;CUSTOMER;Yahir;Roach;yahir.roach@carhouse.com;CarHouse;
469;CUSTOMER;Finn;Ross;finn.ross@flyerbuzzer.com;FlyerBuzzer;
470;CUSTOMER;Corey;Marsh;corey.marsh@carhouse.com;CarHouse;
471;CUSTOMER;Jadyn;Fox;jadyn.fox@sportastic.com;Sportastic;
472;CUSTOMER;Billy;Benson;billy.benson@flyerbuzzer.com;FlyerBuzzer;
473;CUSTOMER;Mario;Green;mario.green@shop42.com;Shop42;
474;CUSTOMER;Skyler;Potter;skyler.potter@shop42.com;Shop42;
475;CUSTOMER;Todd;Dudley;todd.dudley@carhouse.com;CarHouse;
476;CUSTOMER;Adrianna;Parker;adrianna.parker@carhouse.com;CarHouse;
477;CUSTOMER;Brandon;Acevedo;brandon.acevedo@carhouse.com;CarHouse;
478;CUSTOMER;Killian;Shea;killian.shea@plantsgetgreener.com;PlantsGetGreener;
479;CUSTOMER;Katelyn;Skinner;katelyn.skinner@plantsgetgreener.com;PlantsGetGreener;
480;CUSTOMER;Leland;Ayers;leland.ayers@sportastic.com;Sportastic;
481;CUSTOMER;Jordin;Garner;jordin.garner@plantsgetgreener.com;PlantsGetGreener;
482;CUSTOMER;Rocco;Franklin;rocco.franklin@flyerbuzzer.com;FlyerBuzzer;
483;CUSTOMER;Jacey;Haney;jacey.haney@plantsgetgreener.com;PlantsGetGreener;
484;CUSTOMER;Zaire;Keith;zaire.keith@shop42.com;Shop42;
485;CUSTOMER;Annabella;Hoover;annabella.hoover@flyerbuzzer.com;FlyerBuzzer;
486;CUSTOMER;German;Short;german.short@plantsgetgreener.com;PlantsGetGreener;
487;CUSTOMER;Denise;Odom;denise.odom@carhouse.com;CarHouse;
488;CUSTOMER;Dayami;Wall;dayami.wall@carhouse.com;CarHouse;
489;CUSTOMER;Fletcher;Ali;fletcher.ali@shop42.com;Shop42;
490;CUSTOMER;Savion;Zamora;savion.zamora@carhouse.com;CarHouse;
491;CUSTOMER;Aspen;Munoz;aspen.munoz@flyerbuzzer.com;FlyerBuzzer;
492;CUSTOMER;Tristian;Bowers;tristian.bowers@shop42.com;Shop42;
493;CUSTOMER;Brian;Sanchez;brian.sanchez@flyerbuzzer.com;FlyerBuzzer;
494;CUSTOMER;Barrett;Mack;barrett.mack@carhouse.com;CarHouse;
495;CUSTOMER;Seamus;Hogan;seamus.hogan@flyerbuzzer.com;FlyerBuzzer;
496;CUSTOMER;Katie;Jimenez;katie.jimenez@carhouse.com;CarHouse;
497;CUSTOMER;Elijah;Flores;elijah.flores@sportastic.com;Sportastic;
498;CUSTOMER;Dashawn;Mueller;dashawn.mueller@carhouse.com;CarHouse;
499;CUSTOMER;Lorelei;Shaw;lorelei.shaw@carhouse.com;CarHouse;
